language_code,mean_prop_overlap_occs
fa,0
es,0
pt,0.1
de,0.1125
he,0.15
pl,0.2
it,0.4
fr,0.5
nl,0.5375
da,0.6375
no,0.8083333333333333
tr,0.8875
en,0.9
ja,0.9
zh,0.9473684210526315
ko,0.9473684210526315
fi,0.95
ms,1
