language_code,mean_prop_overlap_occs
ro,0.05
pt,0.1
de,0.1125
he,0.15
es,0.15
pl,0.2
sr,0.2875
hr,0.2875
it,0.4
fr,0.5
nl,0.5375
da,0.6375
sv,0.675
no,0.8083333333333333
en,0.85
ja,0.9
zh,0.9473684210526315
ko,0.9473684210526315
fi,0.95
hi,0.95
tr,0.9625
ar,1
fa,1
id,1
ms,1
tl,1
zu,1
